t_wall,t_rel,armed,mode,alt,alt_sp,climb_rate,a_up,a_north,a_east,x,y,x_filt,y_filt,dxy,vx,vy,yaw_deg,dt_ms,sched_slip_ms,att_age_ms,pos_age_ms
1787304439.700,6.116,True,4,2.722,3.000,0.694,-0.970,-0.271,0.053,3.096,0.631,3.191,0.371,0.277,0.151,-0.030,153.31,0.00,100.00,0.15,0.09
1787304439.801,6.216,True,4,2.785,3.000,0.607,-0.938,-0.260,-0.021,3.108,0.627,3.163,0.456,0.269,0.163,-0.046,154.71,100.06,100.07,-0.19,-0.24
1787304439.901,6.316,True,4,2.841,3.000,0.532,-0.924,-0.225,-0.030,3.118,0.621,3.148,0.511,0.260,0.155,-0.080,155.99,100.00,100.06,-0.19,-0.26
1787304440.001,6.416,True,4,2.885,3.000,0.438,-0.806,-0.220,-0.086,3.127,0.614,3.141,0.545,0.251,0.157,-0.073,156.70,100.00,100.07,-0.19,-0.24
1787304440.101,6.516,True,4,2.928,3.000,0.316,-0.604,-0.204,-0.050,3.141,0.604,3.141,0.565,0.238,0.148,-0.108,156.77,100.00,100.06,-0.19,-0.24
1787304440.201,6.616,True,4,2.952,3.000,0.232,-0.442,-0.146,-0.030,3.149,0.594,3.144,0.575,0.227,0.115,-0.128,156.63,100.01,100.07,-0.22,-0.27
1787304440.300,6.716,True,4,2.966,3.000,0.153,-0.257,-0.094,-0.041,3.152,0.586,3.147,0.578,0.218,0.085,-0.127,156.46,100.00,100.07,-0.17,-0.22
1787304440.400,6.816,True,4,2.981,3.000,0.139,-0.273,-0.068,-0.095,3.157,0.575,3.150,0.577,0.207,0.069,-0.098,156.09,100.00,100.06,-0.16,-0.21
1787304440.500,6.916,True,4,2.996,3.000,0.109,-0.244,-0.061,-0.087,3.161,0.564,3.154,0.573,0.196,0.063,-0.102,155.54,100.00,100.06,-0.16,-0.21
1787304440.601,7.016,True,4,3.007,3.000,0.059,-0.139,-0.010,-0.029,3.166,0.553,3.158,0.566,0.184,0.032,-0.132,154.83,100.00,100.06,-0.19,-0.24
1787304440.701,7.116,True,4,3.016,3.000,0.042,-0.123,-0.010,-0.005,3.170,0.541,3.162,0.558,0.171,0.030,-0.142,154.18,100.00,100.07,-0.19,-0.24
1787304440.801,7.216,True,4,3.023,3.000,0.057,-0.199,0.002,-0.059,3.173,0.530,3.166,0.548,0.160,0.021,-0.107,153.75,100.00,100.06,-0.27,-0.32
1787304440.900,7.316,True,4,3.029,3.000,0.036,-0.162,0.033,-0.034,3.175,0.518,3.169,0.538,0.148,0.002,-0.117,153.52,100.00,100.06,-0.17,-0.22
1787304441.000,7.416,True,4,3.035,3.000,0.025,-0.157,0.047,-0.062,3.176,0.509,3.171,0.529,0.139,-0.007,-0.096,153.62,100.00,100.07,-0.19,-0.24
1787304441.100,7.516,True,4,3.043,3.000,0.040,-0.242,0.076,-0.066,3.174,0.501,3.172,0.519,0.131,-0.024,-0.089,153.88,100.00,100.06,-0.17,-0.22
1787304441.201,7.616,True,4,3.050,3.000,0.008,-0.180,0.094,-0.057,3.173,0.494,3.172,0.511,0.124,-0.034,-0.090,154.27,100.01,100.07,-0.22,-0.27
1787304441.300,7.716,True,4,3.056,3.000,-0.002,-0.179,0.105,-0.075,3.169,0.488,3.171,0.503,0.119,-0.039,-0.077,154.64,100.00,100.07,-0.16,-0.21
1787304441.400,7.816,True,4,3.057,3.000,-0.057,-0.019,0.126,-0.047,3.165,0.484,3.169,0.497,0.116,-0.049,-0.089,154.92,100.00,100.06,-0.16,-0.21
1787304441.500,7.916,True,4,3.054,3.000,-0.094,0.098,0.133,-0.030,3.160,0.480,3.166,0.491,0.113,-0.051,-0.096,155.17,100.00,100.06,-0.16,-0.21
1787304441.601,8.016,True,4,3.043,3.000,-0.123,0.225,0.138,-0.072,3.154,0.476,3.162,0.486,0.111,-0.050,-0.071,155.39,100.00,100.06,-0.16,-0.21
1787304441.701,8.116,True,4,3.027,3.000,-0.166,0.412,0.084,-0.131,3.151,0.475,3.158,0.482,0.112,-0.018,-0.037,155.47,100.01,100.07,-0.19,-0.24
1787304441.801,8.216,True,4,3.014,3.000,-0.142,0.392,0.009,-0.197,3.151,0.476,3.156,0.480,0.113,0.026,0.000,156.02,100.00,100.06,-0.19,-0.24
1787304441.900,8.316,True,4,3.008,3.000,-0.117,0.338,-0.143,-0.245,3.160,0.479,3.157,0.480,0.113,0.110,0.026,157.25,100.00,100.06,-0.16,-0.22
1787304442.000,8.416,True,4,3.014,3.000,-0.021,0.025,-0.291,-0.277,3.178,0.483,3.164,0.481,0.113,0.188,0.041,158.32,100.00,100.07,-0.18,-0.23
1787304442.100,8.516,True,4,3.035,3.000,0.006,-0.146,-0.428,-0.272,3.203,0.488,3.177,0.483,0.118,0.256,0.036,159.03,100.00,100.06,-0.16,-0.21
1787304442.201,8.616,True,4,3.057,3.000,0.021,-0.278,-0.465,-0.217,3.230,0.492,3.195,0.486,0.127,0.264,0.002,159.51,100.00,100.07,-0.22,-0.27
1787304442.300,8.716,True,4,3.085,3.000,0.046,-0.478,-0.467,-0.172,3.256,0.491,3.215,0.488,0.136,0.252,-0.025,159.53,100.00,100.06,-0.17,-0.22
1787304442.400,8.816,True,4,3.107,3.000,0.024,-0.510,-0.431,-0.062,3.275,0.486,3.235,0.487,0.142,0.218,-0.088,159.24,100.00,100.06,-0.16,-0.21
1787304442.500,8.916,True,4,3.126,3.000,-0.015,-0.479,-0.347,-0.047,3.287,0.479,3.252,0.485,0.144,0.159,-0.095,158.85,100.00,100.06,-0.16,-0.21
1787304442.601,9.016,True,4,3.135,3.000,-0.068,-0.372,-0.219,0.034,3.291,0.469,3.265,0.479,0.140,0.079,-0.138,158.29,100.01,100.07,-0.29,-0.34
1787304442.701,9.116,True,4,3.134,3.000,-0.153,-0.126,-0.081,0.128,3.289,0.455,3.273,0.471,0.129,-0.004,-0.186,157.44,99.99,100.07,-0.23,-0.28
1787304442.801,9.216,True,4,3.124,3.000,-0.197,0.032,-0.003,0.197,3.283,0.437,3.277,0.460,0.113,-0.051,-0.217,156.79,100.00,100.07,-0.20,-0.25
1787304442.900,9.316,True,4,3.111,3.000,-0.237,0.194,0.075,0.235,3.275,0.416,3.276,0.445,0.095,-0.095,-0.230,156.07,100.00,100.06,-0.17,-0.22
1787304443.000,9.416,True,4,3.094,3.000,-0.269,0.352,0.087,0.293,3.263,0.395,3.272,0.428,0.075,-0.099,-0.252,155.40,100.00,100.07,-0.19,-0.23
1787304443.100,9.516,True,4,3.071,3.000,-0.243,0.357,0.123,0.307,3.248,0.372,3.264,0.410,0.057,-0.115,-0.247,154.79,100.00,100.06,-0.16,-0.21
1787304443.201,9.616,True,4,3.051,3.000,-0.233,0.404,0.173,0.327,3.233,0.349,3.253,0.389,0.047,-0.137,-0.245,154.38,100.00,100.07,-0.21,-0.26
1787304443.300,9.716,True,4,3.036,3.000,-0.191,0.329,0.201,0.351,3.217,0.324,3.241,0.368,0.053,-0.145,-0.244,154.28,100.00,100.07,-0.17,-0.22
1787304443.401,9.816,True,4,3.029,3.000,-0.172,0.301,0.274,0.405,3.203,0.299,3.229,0.345,0.073,-0.177,-0.258,154.31,100.00,100.06,-0.28,-0.23
1787304443.500,9.916,True,4,3.023,3.000,-0.098,0.098,0.281,0.417,3.186,0.275,3.214,0.321,0.097,-0.172,-0.249,154.41,100.00,100.06,-0.11,-0.16
1787304443.601,10.016,True,4,3.024,3.000,-0.078,0.030,0.289,0.340,3.156,0.243,3.195,0.295,0.133,-0.163,-0.187,154.77,100.00,100.07,-0.44,-0.49
1787304443.701,10.116,True,4,3.027,3.000,-0.054,-0.055,0.318,0.337,3.134,0.226,3.175,0.272,0.156,-0.166,-0.170,155.05,100.00,100.06,-0.20,-0.25
1787304443.800,10.216,True,4,3.033,3.000,-0.048,-0.102,0.280,0.296,3.114,0.211,3.154,0.252,0.177,-0.130,-0.132,155.26,100.00,100.06,-0.17,-0.21
1787304443.900,10.316,True,4,3.041,3.000,-0.033,-0.182,0.290,0.309,3.096,0.200,3.135,0.234,0.196,-0.123,-0.126,155.41,100.00,100.06,-0.19,-0.24
1787304444.000,10.416,True,4,3.047,3.000,-0.025,-0.234,0.283,0.276,3.081,0.191,3.117,0.220,0.211,-0.106,-0.096,155.46,100.00,100.06,-0.18,-0.23
1787304444.100,10.516,True,4,3.051,3.000,-0.055,-0.164,0.230,0.227,3.067,0.186,3.100,0.209,0.223,-0.064,-0.059,155.67,100.00,100.06,-0.16,-0.23
1787304444.201,10.616,True,4,3.051,3.000,-0.054,-0.171,0.177,0.157,3.056,0.185,3.086,0.201,0.230,-0.024,-0.013,155.88,100.01,100.07,-0.22,-0.26
1787304444.300,10.716,True,4,3.049,3.000,-0.062,-0.144,0.199,0.154,3.047,0.186,3.073,0.196,0.235,-0.026,-0.006,155.81,99.99,100.06,-0.17,-0.23
1787304444.400,10.816,True,4,3.047,3.000,-0.095,-0.042,0.179,0.125,3.040,0.189,3.062,0.193,0.237,-0.006,0.013,155.73,100.00,100.06,-0.16,-0.21
1787304444.500,10.916,True,4,3.043,3.000,-0.068,-0.113,0.166,0.064,3.035,0.193,3.053,0.193,0.237,0.009,0.049,155.64,100.00,100.06,-0.16,-0.21
1787304444.601,11.016,True,4,3.036,3.000,-0.119,0.065,0.131,0.076,3.031,0.199,3.045,0.195,0.235,0.034,0.043,155.46,100.00,100.06,-0.24,-0.29
1787304444.701,11.116,True,4,3.027,3.000,-0.130,0.133,0.138,0.018,3.028,0.207,3.040,0.199,0.231,0.036,0.075,155.18,100.01,100.07,-0.20,-0.25
1787304444.800,11.216,True,4,3.014,3.000,-0.100,0.091,0.118,-0.010,3.027,0.216,3.036,0.205,0.226,0.052,0.088,154.82,100.00,100.06,-0.17,-0.21
1787304444.900,11.316,True,4,3.006,3.000,-0.098,0.120,0.080,-0.061,3.030,0.225,3.034,0.212,0.218,0.076,0.113,154.67,100.00,100.06,-0.19,-0.24
1787304445.000,11.416,True,4,2.998,3.000,-0.116,0.203,0.047,-0.068,3.036,0.235,3.034,0.219,0.207,0.095,0.114,154.59,100.00,100.06,-0.19,-0.24
1787304445.100,11.516,True,4,2.993,3.000,-0.127,0.258,-0.015,-0.067,3.044,0.246,3.038,0.228,0.193,0.130,0.109,154.24,100.00,100.06,-0.16,-0.21
1787304445.201,11.616,True,4,2.994,3.000,-0.110,0.206,-0.040,-0.081,3.056,0.256,3.044,0.238,0.177,0.141,0.112,153.86,100.00,100.07,-0.21,-0.26
1787304445.300,11.716,True,4,2.999,3.000,-0.089,0.122,-0.080,-0.098,3.071,0.267,3.053,0.247,0.159,0.159,0.116,153.67,99.99,100.06,-0.19,-0.24
1787304445.400,11.816,True,4,3.011,3.000,0.006,-0.212,-0.135,-0.126,3.088,0.278,3.065,0.258,0.139,0.183,0.126,153.60,100.00,100.06,-0.18,-0.23
1787304445.501,11.916,True,4,3.029,3.000,-0.007,-0.247,-0.190,-0.103,3.108,0.288,3.079,0.268,0.118,0.204,0.108,153.60,100.00,100.06,-0.30,-0.35
1787304445.601,12.016,True,4,3.049,3.000,0.013,-0.395,-0.223,-0.174,3.130,0.298,3.096,0.278,0.096,0.213,0.142,153.82,100.00,100.06,-0.23,-0.28
1787304445.701,12.116,True,4,3.068,3.000,-0.077,-0.204,-0.208,-0.127,3.150,0.308,3.114,0.288,0.076,0.193,0.110,154.26,100.00,100.07,-0.20,-0.24
1787304445.800,12.216,True,4,3.077,3.000,-0.120,-0.122,-0.256,-0.214,3.169,0.319,3.132,0.298,0.056,0.209,0.152,154.52,100.00,100.06,-0.19,-0.24
1787304445.900,12.316,True,4,3.078,3.000,-0.159,-0.019,-0.273,-0.218,3.189,0.332,3.151,0.309,0.039,0.206,0.147,154.63,100.00,100.06,-0.16,-0.21
1787304446.001,12.416,True,4,3.075,3.000,-0.174,0.031,-0.325,-0.212,3.210,0.345,3.171,0.321,0.032,0.222,0.137,154.76,100.00,100.06,-0.20,-0.25
1787304446.100,12.516,True,4,3.071,3.000,-0.179,0.057,-0.309,-0.282,3.232,0.356,3.191,0.333,0.043,0.199,0.169,154.83,100.00,100.06,-0.17,-0.22
1787304446.201,12.616,True,4,3.063,3.000,-0.216,0.193,-0.361,-0.308,3.254,0.368,3.212,0.345,0.062,0.214,0.176,155.14,100.01,100.07,-0.21,-0.26
1787304446.300,12.716,True,4,3.054,3.000,-0.233,0.276,-0.298,-0.325,3.273,0.379,3.232,0.356,0.082,0.165,0.177,155.52,99.99,100.06,-0.17,-0.22
1787304446.401,12.816,True,4,3.047,3.000,-0.217,0.253,-0.286,-0.330,3.291,0.392,3.252,0.368,0.102,0.145,0.172,155.77,100.00,100.06,-0.06,-0.29
1787304446.501,12.916,True,4,3.040,3.000,-0.174,0.143,-0.233,-0.354,3.308,0.405,3.270,0.380,0.121,0.102,0.177,156.54,100.01,100.07,-0.26,-0.29
1787304446.601,13.016,True,4,3.041,3.000,-0.185,0.171,-0.245,-0.336,3.324,0.417,3.288,0.393,0.140,0.096,0.159,157.15,99.99,100.06,-0.26,-0.31
1787304446.701,13.116,True,4,3.048,3.000,-0.173,0.101,-0.227,-0.362,3.338,0.427,3.305,0.404,0.157,0.074,0.165,157.67,100.02,100.08,-0.20,-0.25
1787304446.800,13.216,True,4,3.061,3.000,-0.102,-0.171,-0.205,-0.322,3.349,0.435,3.319,0.414,0.170,0.050,0.136,158.35,99.99,100.06,-0.17,-0.22
1787304446.900,13.316,True,4,3.082,3.000,-0.077,-0.336,-0.132,-0.232,3.357,0.439,3.332,0.422,0.179,-0.000,0.080,158.74,100.00,100.06,-0.17,-0.22
1787304447.000,13.416,True,4,3.103,3.000,-0.068,-0.460,-0.038,-0.142,3.358,0.439,3.341,0.428,0.180,-0.060,0.025,158.69,100.00,100.06,-0.19,-0.24
1787304447.100,13.516,True,4,3.120,3.000,-0.150,-0.293,0.057,-0.043,3.353,0.436,3.345,0.431,0.174,-0.117,-0.032,158.52,100.00,100.06,-0.19,-0.24
1787304447.201,13.616,True,4,3.130,3.000,-0.186,-0.239,0.122,0.051,3.344,0.426,3.344,0.429,0.162,-0.155,-0.084,158.21,100.00,100.07,-0.23,-0.27
1787304447.300,13.716,True,4,3.133,3.000,-0.215,-0.176,0.151,0.175,3.332,0.410,3.340,0.423,0.146,-0.170,-0.149,157.98,99.99,100.06,-0.16,-0.21
1787304447.400,13.816,True,4,3.130,3.000,-0.266,-0.023,0.147,0.235,3.320,0.388,3.334,0.411,0.130,-0.165,-0.175,158.21,100.00,100.06,-0.17,-0.22
1787304447.500,13.916,True,4,3.120,3.000,-0.272,0.025,0.148,0.303,3.310,0.362,3.326,0.395,0.119,-0.162,-0.202,158.44,100.00,100.06,-0.16,-0.21
1787304447.601,14.016,True,4,3.107,3.000,-0.294,0.130,0.167,0.391,3.301,0.334,3.317,0.375,0.115,-0.168,-0.238,158.64,100.00,100.06,-0.26,-0.31
1787304447.701,14.116,True,4,3.093,3.000,-0.287,0.153,0.184,0.391,3.291,0.305,3.309,0.352,0.120,-0.173,-0.222,158.46,100.00,100.07,-0.19,-0.24
1787304447.800,14.216,True,4,3.082,3.000,-0.280,0.170,0.186,0.376,3.282,0.278,3.300,0.327,0.130,-0.170,-0.197,158.12,100.00,100.06,-0.16,-0.21
1787304447.900,14.316,True,4,3.076,3.000,-0.253,0.107,0.197,0.348,3.275,0.255,3.292,0.303,0.143,-0.171,-0.165,157.79,100.00,100.06,-0.16,-0.21
1787304448.000,14.416,True,4,3.071,3.000,-0.229,0.045,0.159,0.309,3.269,0.236,3.284,0.281,0.156,-0.146,-0.127,157.70,100.00,100.07,-0.18,-0.23
1787304448.100,14.516,True,4,3.067,3.000,-0.232,0.065,0.158,0.269,3.263,0.220,3.277,0.261,0.167,-0.142,-0.090,157.58,100.00,100.07,-0.19,-0.24
1787304448.201,14.616,True,4,3.064,3.000,-0.224,0.045,0.177,0.229,3.257,0.208,3.270,0.243,0.175,-0.148,-0.055,157.18,100.00,100.07,-0.21,-0.26
1787304448.300,14.716,True,4,3.061,3.000,-0.239,0.097,0.173,0.183,3.250,0.199,3.263,0.228,0.181,-0.142,-0.018,156.79,100.00,100.06,-0.17,-0.22
1787304448.400,14.816,True,4,3.058,3.000,-0.247,0.130,0.215,0.182,3.243,0.193,3.256,0.217,0.185,-0.162,-0.008,156.53,100.00,100.06,-0.19,-0.24
1787304448.500,14.916,True,4,3.054,3.000,-0.242,0.123,0.206,0.142,3.235,0.190,3.249,0.208,0.186,-0.153,0.022,156.42,100.00,100.06,-0.17,-0.22
1787304448.601,15.016,True,4,3.051,3.000,-0.243,0.133,0.191,0.122,3.229,0.189,3.242,0.202,0.186,-0.141,0.039,156.38,100.00,100.07,-0.30,-0.35
1787304448.701,15.116,True,4,3.049,3.000,-0.239,0.125,0.176,0.096,3.224,0.191,3.236,0.198,0.183,-0.129,0.058,156.47,100.00,100.07,-0.20,-0.25
1787304448.800,15.216,True,4,3.050,3.000,-0.220,0.057,0.135,0.069,3.220,0.195,3.231,0.197,0.178,-0.103,0.076,156.66,100.00,100.06,-0.17,-0.21
1787304448.900,15.316,True,4,3.057,3.000,-0.164,-0.143,0.085,-0.033,3.220,0.202,3.227,0.199,0.171,-0.073,0.133,157.09,100.00,100.06,-0.16,-0.21
1787304449.000,15.416,True,4,3.068,3.000,-0.161,-0.202,0.009,-0.066,3.222,0.213,3.225,0.203,0.161,-0.030,0.150,157.47,100.00,100.07,-0.18,-0.23
1787304449.100,15.516,True,4,3.079,3.000,-0.184,-0.187,-0.039,-0.097,3.227,0.228,3.226,0.212,0.147,-0.004,0.163,157.65,100.00,100.07,-0.19,-0.24
1787304449.201,15.616,True,4,3.090,3.000,-0.173,-0.271,-0.075,-0.193,3.233,0.247,3.228,0.223,0.131,0.014,0.211,157.75,100.00,100.07,-0.21,-0.26
1787304449.300,15.716,True,4,3.095,3.000,-0.246,-0.082,-0.094,-0.208,3.238,0.267,3.232,0.238,0.113,0.022,0.211,157.72,100.00,100.06,-0.18,-0.23
1787304449.400,15.816,True,4,3.098,3.000,-0.273,-0.024,-0.073,-0.237,3.243,0.291,3.235,0.256,0.096,0.007,0.217,157.55,100.00,100.06,-0.19,-0.23
1787304449.500,15.916,True,4,3.099,3.000,-0.301,0.047,-0.087,-0.221,3.248,0.312,3.240,0.275,0.082,0.012,0.196,157.30,100.00,100.06,-0.17,-0.21
1787304449.601,16.016,True,4,3.096,3.000,-0.304,0.056,-0.058,-0.184,3.253,0.331,3.244,0.293,0.073,-0.008,0.164,157.00,100.00,100.06,-0.26,-0.31
1787304449.701,16.116,True,4,3.094,3.000,-0.331,0.137,-0.054,-0.108,3.256,0.344,3.248,0.310,0.070,-0.013,0.111,156.90,100.01,100.07,-0.20,-0.24
1787304449.800,16.216,True,4,3.089,3.000,-0.331,0.148,-0.011,-0.099,3.259,0.353,3.252,0.325,0.070,-0.040,0.097,156.94,100.00,100.06,-0.18,-0.23
1787304449.900,16.316,True,4,3.084,3.000,-0.335,0.174,-0.010,-0.000,3.260,0.357,3.254,0.336,0.070,-0.044,0.035,157.16,100.00,100.06,-0.17,-0.21
1787304450.000,16.416,True,4,3.080,3.000,-0.302,0.082,0.021,0.052,3.260,0.356,3.256,0.342,0.070,-0.062,0.002,157.41,100.00,100.06,-0.19,-0.23
1787304450.100,16.516,True,4,3.076,3.000,-0.290,0.055,0.002,0.052,3.260,0.353,3.257,0.346,0.071,-0.054,-0.000,157.46,100.00,100.06,-0.17,-0.21
1787304450.201,16.616,True,4,3.081,3.000,-0.274,-0.021,-0.040,0.025,3.262,0.350,3.259,0.347,0.074,-0.032,0.014,157.45,100.00,100.07,-0.22,-0.27
1787304450.300,16.716,True,4,3.091,3.000,-0.252,-0.139,-0.105,-0.018,3.267,0.349,3.262,0.348,0.079,0.001,0.038,157.37,100.00,100.06,-0.19,-0.24
1787304450.400,16.816,True,4,3.104,3.000,-0.252,-0.200,-0.181,-0.023,3.275,0.351,3.266,0.349,0.086,0.040,0.040,157.34,100.00,100.06,-0.19,-0.24
1787304450.500,16.916,True,4,3.113,3.000,-0.262,-0.218,-0.271,-0.062,3.286,0.355,3.273,0.351,0.096,0.085,0.061,157.65,100.00,100.06,-0.16,-0.21
1787304450.601,17.016,True,4,3.117,3.000,-0.259,-0.256,-0.397,-0.094,3.302,0.361,3.283,0.354,0.111,0.147,0.076,158.39,100.00,100.06,-0.24,-0.29
1787304450.701,17.116,True,4,3.115,3.000,-0.305,-0.121,-0.490,-0.100,3.321,0.367,3.295,0.359,0.130,0.189,0.077,159.42,100.00,100.06,-0.20,-0.25
1787304450.800,17.216,True,4,3.108,3.000,-0.322,-0.052,-0.507,-0.113,3.343,0.373,3.311,0.363,0.151,0.187,0.081,160.85,100.00,100.06,-0.19,-0.24
1787304450.900,17.316,True,4,3.097,3.000,-0.353,0.076,-0.509,-0.098,3.363,0.379,3.328,0.369,0.172,0.175,0.069,162.39,100.00,100.06,-0.17,-0.22
1787304451.000,17.416,True,4,3.087,3.000,-0.348,0.094,-0.491,-0.088,3.381,0.383,3.346,0.373,0.190,0.151,0.060,163.70,100.00,100.06,-0.19,-0.24
1787304451.100,17.516,True,4,3.075,3.000,-0.395,0.277,-0.427,-0.009,3.397,0.386,3.363,0.378,0.206,0.102,0.014,164.65,100.00,100.06,-0.19,-0.24
1787304451.201,17.616,True,4,3.060,3.000,-0.370,0.252,-0.380,0.019,3.408,0.387,3.378,0.381,0.217,0.064,-0.004,165.10,100.01,100.07,-0.22,-0.27
1787304451.300,17.716,True,4,3.047,3.000,-0.336,0.197,-0.288,0.085,3.413,0.384,3.390,0.382,0.222,0.003,-0.041,165.27,100.00,100.06,-0.17,-0.22
1787304451.400,17.816,True,4,3.039,3.000,-0.314,0.159,-0.185,0.169,3.413,0.377,3.397,0.380,0.221,-0.061,-0.087,165.40,100.00,100.06,-0.16,-0.21
1787304451.500,17.916,True,4,3.034,3.000,-0.278,0.071,-0.106,0.190,3.406,0.367,3.400,0.376,0.215,-0.110,-0.096,165.44,100.00,100.06,-0.19,-0.24
1787304451.601,18.016,True,4,3.027,3.000,-0.240,-0.019,0.003,0.202,3.394,0.357,3.398,0.369,0.203,-0.171,-0.098,165.30,100.00,100.07,-0.26,-0.31
1787304451.701,18.116,True,4,3.019,3.000,-0.228,-0.027,0.127,0.195,3.376,0.347,3.391,0.362,0.186,-0.237,-0.089,165.05,100.00,100.07,-0.20,-0.24
1787304451.800,18.216,True,4,3.015,3.000,-0.223,-0.025,0.228,0.158,3.351,0.342,3.378,0.355,0.163,-0.287,-0.064,164.68,99.99,100.06,-0.17,-0.22
1787304451.900,18.316,True,4,3.012,3.000,-0.204,-0.072,0.295,0.031,3.322,0.340,3.359,0.350,0.134,-0.313,0.010,164.19,100.00,100.06,-0.16,-0.21
1787304452.000,18.416,True,4,3.008,3.000,-0.232,0.027,0.370,0.024,3.288,0.343,3.335,0.348,0.101,-0.341,0.016,163.52,100.00,100.06,-0.19,-0.23
1787304452.100,18.516,True,4,3.001,3.000,-0.256,0.126,0.445,-0.034,3.253,0.349,3.308,0.348,0.065,-0.365,0.048,162.60,100.00,100.06,-0.16,-0.21
1787304452.201,18.616,True,4,2.995,3.000,-0.217,0.031,0.474,-0.090,3.216,0.358,3.277,0.352,0.027,-0.362,0.077,161.61,100.01,100.07,-0.23,-0.27
1787304452.300,18.716,True,4,2.992,3.000,-0.205,0.012,0.524,-0.116,3.179,0.369,3.244,0.357,0.013,-0.368,0.088,160.58,99.99,100.06,-0.17,-0.22
1787304452.400,18.816,True,4,2.986,3.000,-0.224,0.093,0.504,-0.151,3.142,0.382,3.210,0.366,0.051,-0.335,0.102,159.79,100.00,100.06,-0.19,-0.24
1787304452.500,18.916,True,4,2.981,3.000,-0.202,0.049,0.470,-0.159,3.108,0.395,3.176,0.375,0.087,-0.293,0.100,159.25,100.00,100.06,-0.19,-0.23
1787304452.601,19.016,True,4,2.979,3.000,-0.152,-0.089,0.424,-0.167,3.079,0.407,3.144,0.386,0.118,-0.245,0.097,159.03,100.01,100.07,-0.27,-0.32
1787304452.701,19.116,True,4,2.978,3.000,-0.167,-0.042,0.360,-0.123,3.057,0.417,3.115,0.396,0.142,-0.189,0.065,158.66,100.00,100.07,-0.21,-0.26
1787304452.800,19.216,True,4,2.978,3.000,-0.152,-0.082,0.297,-0.082,3.039,0.425,3.090,0.406,0.161,-0.137,0.036,158.28,99.99,100.06,-0.17,-0.22
1787304452.900,19.316,True,4,2.977,3.000,-0.159,-0.054,0.242,-0.016,3.027,0.429,3.069,0.413,0.174,-0.091,-0.007,158.11,100.00,100.06,-0.17,-0.22
1787304453.000,19.416,True,4,2.973,3.000,-0.168,-0.008,0.199,0.059,3.019,0.431,3.052,0.419,0.183,-0.055,-0.052,158.23,100.00,100.06,-0.19,-0.24
1787304453.100,19.516,True,4,2.969,3.000,-0.157,-0.025,0.091,0.079,3.016,0.432,3.040,0.423,0.186,0.015,-0.067,158.88,100.00,100.06,-0.18,-0.23
1787304453.201,19.616,True,4,2.971,3.000,-0.089,-0.230,-0.051,0.092,3.019,0.430,3.033,0.426,0.182,0.100,-0.077,159.75,100.01,100.07,-0.21,-0.26
1787304453.301,19.716,True,4,2.976,3.000,-0.117,-0.165,-0.155,0.073,3.032,0.429,3.033,0.427,0.169,0.160,-0.067,160.59,100.00,100.07,-0.20,-0.25
1787304453.400,19.816,True,4,2.979,3.000,-0.131,-0.134,-0.286,0.093,3.049,0.428,3.038,0.427,0.153,0.231,-0.079,161.27,100.00,100.06,-0.17,-0.21
1787304453.501,19.916,True,4,2.982,3.000,-0.127,-0.154,-0.378,0.040,3.072,0.427,3.049,0.427,0.132,0.276,-0.050,161.91,100.00,100.07,-0.21,-0.26
1787304453.601,20.016,True,4,2.985,3.000,-0.136,-0.141,-0.402,0.044,3.099,0.427,3.066,0.427,0.108,0.280,-0.053,162.43,100.00,100.06,-0.29,-0.34
1787304453.701,20.116,True,4,2.985,3.000,-0.155,-0.079,-0.415,0.096,3.126,0.426,3.086,0.427,0.086,0.275,-0.082,162.72,100.01,100.07,-0.20,-0.25
1787304453.800,20.216,True,4,2.981,3.000,-0.184,0.024,-0.403,0.110,3.150,0.423,3.107,0.425,0.066,0.255,-0.090,162.86,99.99,100.06,-0.17,-0.22
1787304453.900,20.316,True,4,2.971,3.000,-0.291,0.389,-0.350,0.212,3.172,0.416,3.129,0.422,0.049,0.212,-0.145,162.67,100.00,100.06,-0.16,-0.21
1787304454.000,20.416,True,4,2.953,3.000,-0.308,0.514,-0.247,0.278,3.188,0.406,3.148,0.417,0.035,0.142,-0.179,161.81,100.00,100.06,-0.19,-0.24
1787304454.100,20.516,True,4,2.938,3.000,-0.232,0.354,-0.057,0.307,3.194,0.391,3.164,0.408,0.020,0.027,-0.189,160.39,100.00,100.06,-0.17,-0.22
1787304454.201,20.616,True,4,2.928,3.000,-0.196,0.292,0.153,0.327,3.190,0.374,3.172,0.397,0.004,-0.095,-0.193,158.94,100.01,100.07,-0.21,-0.26
1787304454.300,20.716,True,4,2.925,3.000,-0.162,0.210,0.333,0.281,3.176,0.360,3.174,0.385,0.019,-0.196,-0.160,158.18,99.99,100.06,-0.17,-0.22
1787304454.401,20.816,True,4,2.931,3.000,-0.090,-0.021,0.503,0.172,3.152,0.351,3.167,0.373,0.044,-0.285,-0.091,158.21,100.00,100.06,-0.20,-0.24
1787304454.500,20.916,True,4,2.942,3.000,-0.039,-0.214,0.609,0.086,3.124,0.348,3.152,0.365,0.071,-0.334,-0.038,159.03,100.00,100.06,-0.17,-0.22
1787304454.601,21.016,True,4,2.957,3.000,0.003,-0.394,0.624,-0.028,3.093,0.351,3.132,0.360,0.100,-0.329,0.029,160.37,100.01,100.08,-0.41,-0.46
1787304454.701,21.116,True,4,2.973,3.000,-0.001,-0.445,0.564,-0.133,3.063,0.361,3.109,0.361,0.129,-0.279,0.087,161.97,99.99,100.07,-0.25,-0.30
1787304454.801,21.216,True,4,2.985,3.000,-0.040,-0.376,0.503,-0.281,3.038,0.376,3.086,0.366,0.154,-0.228,0.165,163.44,100.00,100.07,-0.23,-0.27
1787304454.901,21.316,True,4,2.990,3.000,-0.099,-0.217,0.411,-0.348,3.018,0.396,3.063,0.376,0.175,-0.161,0.196,164.36,99.99,100.06,-0.19,-0.24
1787304455.000,21.416,True,4,2.987,3.000,-0.165,-0.004,0.389,-0.379,3.003,0.418,3.043,0.390,0.195,-0.133,0.203,164.73,100.00,100.06,-0.19,-0.24
1787304455.100,21.516,True,4,2.976,3.000,-0.232,0.242,0.338,-0.399,2.991,0.442,3.026,0.407,0.212,-0.092,0.203,164.55,100.00,100.06,-0.19,-0.23
1787304455.201,21.616,True,4,2.964,3.000,-0.204,0.209,0.307,-0.416,2.984,0.463,3.012,0.426,0.227,-0.063,0.199,163.85,100.01,100.07,-0.21,-0.26
1787304455.300,21.716,True,4,2.953,3.000,-0.200,0.244,0.279,-0.372,2.980,0.483,3.001,0.445,0.239,-0.039,0.161,163.06,99.99,100.06,-0.17,-0.22
1787304455.401,21.816,True,4,2.947,3.000,-0.203,0.285,0.240,-0.311,2.981,0.499,2.995,0.463,0.246,-0.011,0.114,162.14,100.00,100.07,-0.20,-0.25
1787304455.501,21.916,True,4,2.938,3.000,-0.160,0.197,0.187,-0.288,2.985,0.511,2.991,0.479,0.249,0.024,0.090,161.23,100.00,100.06,-0.18,-0.23
1787304455.601,22.016,True,4,2.935,3.000,-0.116,0.087,0.124,-0.256,2.992,0.518,2.992,0.492,0.248,0.061,0.062,160.30,100.00,100.07,-0.27,-0.32
1787304455.701,22.116,True,4,2.939,3.000,-0.103,0.036,0.062,-0.207,3.003,0.523,2.995,0.502,0.242,0.094,0.026,159.33,100.00,100.07,-0.19,-0.24
1787304455.800,22.216,True,4,2.945,3.000,-0.110,0.036,-0.013,-0.193,3.017,0.525,3.003,0.510,0.233,0.134,0.012,158.42,100.00,100.06,-0.19,-0.24
1787304455.900,22.316,True,4,2.950,3.000,-0.102,-0.003,-0.126,-0.140,3.035,0.523,3.014,0.514,0.218,0.191,-0.022,157.90,100.00,100.06,-0.18,-0.23
1787304456.000,22.416,True,4,2.957,3.000,-0.104,-0.020,-0.231,-0.096,3.059,0.519,3.029,0.516,0.199,0.241,-0.049,157.91,100.00,100.06,-0.19,-0.24
1787304456.101,22.516,True,4,2.964,3.000,-0.086,-0.098,-0.353,-0.087,3.089,0.514,3.049,0.515,0.176,0.297,-0.056,158.37,100.00,100.07,-0.19,-0.24
1787304456.201,22.616,True,4,2.971,3.000,-0.087,-0.117,-0.441,-0.025,3.122,0.507,3.073,0.513,0.153,0.331,-0.090,159.14,100.00,100.07,-0.21,-0.25
1787304456.300,22.716,True,4,2.976,3.000,-0.105,-0.086,-0.537,-0.028,3.161,0.501,3.102,0.509,0.134,0.366,-0.087,159.98,99.99,100.06,-0.17,-0.22
1787304456.401,22.816,True,4,2.978,3.000,-0.117,-0.051,-0.610,0.015,3.201,0.494,3.135,0.504,0.123,0.385,-0.109,160.48,100.00,100.07,-0.19,-0.24
1787304456.500,22.916,True,4,2.980,3.000,-0.114,-0.068,-0.633,0.060,3.243,0.484,3.171,0.497,0.124,0.374,-0.131,160.56,100.00,100.07,-0.18,-0.23
1787304456.601,23.016,True,4,2.983,3.000,-0.099,-0.122,-0.583,0.038,3.281,0.473,3.208,0.489,0.136,0.322,-0.115,160.68,100.00,100.06,-0.27,-0.31
1787304456.701,23.116,True,4,2.987,3.000,-0.118,-0.080,-0.553,0.103,3.314,0.460,3.243,0.479,0.151,0.281,-0.146,160.91,100.00,100.07,-0.19,-0.24
1787304456.800,23.216,True,4,2.989,3.000,-0.110,-0.111,-0.458,0.119,3.341,0.446,3.276,0.468,0.168,0.205,-0.148,161.08,100.00,100.06,-0.18,-0.23
1787304456.900,23.316,True,4,2.986,3.000,-0.151,0.022,-0.369,0.138,3.362,0.433,3.305,0.456,0.181,0.136,-0.152,160.94,100.00,100.06,-0.16,-0.21
1787304457.000,23.416,True,4,2.983,3.000,-0.166,0.085,-0.270,0.143,3.376,0.420,3.328,0.444,0.191,0.064,-0.147,160.44,100.00,100.07,-0.19,-0.24
1787304457.100,23.516,True,4,2.977,3.000,-0.171,0.125,-0.182,0.149,3.383,0.408,3.347,0.432,0.195,0.000,-0.143,159.78,100.00,100.06,-0.16,-0.21
1787304457.201,23.616,True,4,2.971,3.000,-0.195,0.225,-0.093,0.112,3.385,0.398,3.359,0.421,0.195,-0.059,-0.115,159.16,100.00,100.07,-0.21,-0.26
1787304457.300,23.716,True,4,2.965,3.000,-0.188,0.228,-0.063,0.066,3.383,0.390,3.367,0.411,0.192,-0.083,-0.083,158.63,100.00,100.06,-0.17,-0.22
1787304457.400,23.816,True,4,2.961,3.000,-0.147,0.126,-0.040,0.002,3.378,0.385,3.371,0.402,0.187,-0.100,-0.043,158.30,100.00,100.06,-0.16,-0.21
1787304457.501,23.916,True,4,2.959,3.000,-0.133,0.099,-0.073,-0.017,3.373,0.380,3.372,0.395,0.182,-0.084,-0.028,158.28,100.00,100.07,-0.19,-0.24
1787304457.601,24.016,True,4,2.955,3.000,-0.126,0.097,-0.099,0.012,3.370,0.377,3.371,0.389,0.179,-0.072,-0.040,158.49,100.00,100.06,-0.25,-0.30
1787304457.701,24.116,True,4,2.949,3.000,-0.104,0.057,-0.144,0.046,3.369,0.372,3.370,0.383,0.177,-0.048,-0.055,158.67,100.00,100.06,-0.20,-0.25
1787304457.800,24.216,True,4,2.947,3.000,-0.077,-0.009,-0.174,0.091,3.369,0.366,3.370,0.378,0.178,-0.033,-0.077,158.97,100.00,100.06,-0.17,-0.22
1787304457.900,24.316,True,4,2.945,3.000,-0.060,-0.043,-0.231,0.115,3.371,0.359,3.370,0.371,0.180,-0.004,-0.086,159.44,100.00,100.06,-0.16,-0.21
1787304458.000,24.416,True,4,2.944,3.000,-0.009,-0.190,-0.227,0.139,3.373,0.349,3.371,0.364,0.183,-0.008,-0.094,159.96,100.00,100.07,-0.19,-0.23
1787304458.100,24.516,True,4,2.943,3.000,-0.005,-0.191,-0.220,0.185,3.374,0.339,3.372,0.356,0.186,-0.015,-0.114,160.47,100.00,100.06,-0.17,-0.22
1787304458.201,24.616,True,4,2.943,3.000,-0.003,-0.193,-0.194,0.205,3.373,0.327,3.373,0.346,0.187,-0.032,-0.118,161.04,100.00,100.06,-0.20,-0.25
1787304458.300,24.716,True,4,2.943,3.000,-0.001,-0.192,-0.119,0.197,3.369,0.318,3.371,0.337,0.185,-0.075,-0.107,161.37,100.00,100.07,-0.16,-0.21
1787304458.400,24.816,True,4,2.943,3.000,0.016,-0.239,-0.056,0.172,3.359,0.310,3.367,0.328,0.179,-0.109,-0.087,161.44,100.00,100.06,-0.16,-0.21
1787304458.500,24.916,True,4,2.942,3.000,-0.002,-0.171,0.005,0.152,3.345,0.304,3.360,0.320,0.167,-0.140,-0.070,161.53,100.00,100.06,-0.16,-0.21
1787304458.601,25.016,True,4,2.939,3.000,-0.051,-0.005,0.058,0.183,3.327,0.298,3.349,0.312,0.154,-0.164,-0.082,161.78,100.01,100.07,-0.34,-0.39
1787304458.701,25.116,True,4,2.932,3.000,-0.081,0.115,0.098,0.168,3.308,0.293,3.335,0.306,0.140,-0.178,-0.068,162.36,99.99,100.06,-0.21,-0.26
1787304458.801,25.216,True,4,2.925,3.000,-0.086,0.169,0.138,0.216,3.289,0.288,3.320,0.300,0.128,-0.192,-0.090,163.11,100.00,100.07,-0.23,-0.28
1787304458.900,25.316,True,4,2.919,3.000,-0.084,0.195,0.149,0.258,3.271,0.279,3.303,0.293,0.121,-0.188,-0.108,163.98,100.00,100.07,-0.17,-0.22
1787304459.001,25.416,True,4,2.917,3.000,-0.061,0.141,0.147,0.289,3.253,0.267,3.287,0.284,0.121,-0.177,-0.119,164.57,100.00,100.07,-0.19,-0.24
1787304459.100,25.516,True,4,2.912,3.000,-0.032,0.081,0.131,0.277,3.238,0.254,3.271,0.274,0.126,-0.159,-0.104,164.86,100.00,100.06,-0.17,-0.21
1787304459.201,25.616,True,4,2.907,3.000,-0.008,0.038,0.120,0.292,3.226,0.241,3.256,0.263,0.134,-0.143,-0.104,164.76,100.00,100.06,-0.22,-0.27
1787304459.300,25.716,True,4,2.904,3.000,0.004,0.027,0.132,0.278,3.217,0.231,3.243,0.253,0.142,-0.141,-0.088,164.35,100.00,100.06,-0.17,-0.22
1787304459.401,25.816,True,4,2.901,3.000,0.021,-0.004,0.136,0.200,3.207,0.224,3.231,0.243,0.148,-0.137,-0.036,163.84,100.00,100.06,-0.18,-0.23
1787304459.500,25.916,True,4,2.901,3.000,0.052,-0.087,0.164,0.132,3.197,0.222,3.220,0.236,0.149,-0.145,0.007,163.30,100.00,100.06,-0.17,-0.21
1787304459.601,26.016,True,4,2.907,3.000,0.061,-0.128,0.199,0.061,3.187,0.223,3.209,0.232,0.148,-0.157,0.051,162.86,100.00,100.07,-0.27,-0.32
